Pavadinimas,Autorius,Publikavimo duomenys
"Defensio Tridentinae fidei Catholicae, et integerrimae quinque libris comprehensa","Paiva de Andrade, Diogo de (1528-1575)","Coloniae : apud Maternum Cholinum, ⅽIↄ Iↄ LXXX [1580]"
"THOMAE STAPLETONI, ANGLI, S. THEOLOGIAE DOCTORIS,  ET PROFESSORIS REGII LOVANII, PROMPTVARIVM CATHOLICVM, Ad instructionem Concionatorum contra nostri temporis haereses, SVPER  EVANGELIA FERIALIA PER TOTAM QVADRAGESIMAM","Stapleton, Thomas (1535-1598)","Coloniae Agrippinae : in Officina Birckmannica, sumptibus Hermanni Mylij, ANNO cⅠↄ. Ⅰↄ. XCIIII. [1594]"
Monikos mokyklėlė,"Pipirienė, Janina (1928-2015)","Panevėžys : Magilė, 997"
Neparametrinė statistika,"Bikelienė, Vanda","Vilnius : Vilniaus valstybinis V. Kapsuko universitetas, I986"
Ponad śnieg bielszym się stanę; Uciekła mi przepióreczka,"Żeromski, Stefan (1864–1925)","Warszawa : Czytelnik, 966"
Коричневые „ястребы”,"Горбатенко, Д.Д.","Москва : Воениздат, 95, [1] р."
Pirmasis Eucharistinis Kongresas Lietuvoje,"Smečechauskas, Mejeris","Kaunas, 934-06-29 - 07-01"
Histoire de la révolution de France,"Bertand de Moleville, Antoine-François de (1744-1818)","A Paris : chez Giguet et Cie, AN 9-11 (1801-1803)"
Евтушенко-89,"Евтушенко, Евгений Александрович (1933–2017)","Сп [Санкт-Петербург] : Совит-турс, 90 [1990]"
"Defensio Tridentinae fidei Catholicae, et integerrimae quinque libris comprehensa","Paiva de Andrade, Diogo de (1528-1575)","Coloniae : apud Maternum Cholinum, ⅽIↄ Iↄ LXXX [1580]"
"THOMAE STAPLETONI, ANGLI, S. THEOLOGIAE DOCTORIS,  ET PROFESSORIS REGII LOVANII, PROMPTVARIVM CATHOLICVM, Ad instructionem Concionatorum contra nostri temporis haereses, SVPER  EVANGELIA FERIALIA PER TOTAM QVADRAGESIMAM","Stapleton, Thomas (1535-1598)","Coloniae Agrippinae : in Officina Birckmannica, sumptibus Hermanni Mylij, ANNO cⅠↄ. Ⅰↄ. XCIIII. [1594]"
Monikos mokyklėlė,"Pipirienė, Janina (1928-2015)","Panevėžys : Magilė, 997"
Neparametrinė statistika,"Bikelienė, Vanda","Vilnius : Vilniaus valstybinis V. Kapsuko universitetas, I986"
Ponad śnieg bielszym się stanę; Uciekła mi przepióreczka,"Żeromski, Stefan (1864–1925)","Warszawa : Czytelnik, 966"
Коричневые „ястребы”,"Горбатенко, Д.Д.","Москва : Воениздат, 95, [1] р."
Pirmasis Eucharistinis Kongresas Lietuvoje,"Smečechauskas, Mejeris","Kaunas, 934-06-29 - 07-01"
Histoire de la révolution de France,"Bertand de Moleville, Antoine-François de (1744-1818)","A Paris : chez Giguet et Cie, AN 9-11 (1801-1803)"
Евтушенко-89,"Евтушенко, Евгений Александрович (1933–2017)","Сп [Санкт-Петербург] : Совит-турс, 90 [1990]"
"Lenkijos karaliaus, Lietuvos didžiojo kunigaikščio Žygimanto Senojo raštas, kuriuo dvarionui Ivanui Timofiejevičiui Pleščejevui Jurlovui patvirtinamos nuosavybės teisės į Gaižuvos ir Panevėžio dvarus su žmonėmis (išvardinti) ir 4 dykynėmis (išvardintos) Vilkijos paviete, Žemaitijoje, bei į 21 dykynę (išvardintos) Josvainių valsčiuje, Žemaitijoje, taip pat teisė į Alberto Goštauto jam duotas valdas: 4 dykynes Darsūniškyje (išvardintos) ir namą Vilniuje, Totorių gatvėje","Žygimantas Senasis (1467-1548), Lietuvos didysis kunigaikštis ir Lenkijos karalius","[Vilnius], 1522"
V. Vasiliausko laiškas B. Aleknavičiui,"Vasiliauskas, Valdas","Vilnius, 78.XII.1"
Satan in Goray and other stories,"בשביס-זינגר, יצחק (1904–1991)","[Yerusholaim] : [Hebreisher uniṿersiṭeṭ in Yerusholaim, Yidish-opṭeylung], [733 = 1972]"
Sulla passione del redentore,"Odescalchi, Pietro (1789-1856)","Roma : presso Paolo Salviucci e figlio, [non ante 7 Apr. 1821]"
"Книга ... преподобнаго отца Ефрема, од части его житïя и наказанïя и поученïя","Ephraen Syrus (apie 303-373), šventasis","В ц[а]рствующемъ граде Москве : [s. l.], 7155 06 29 - 08 29"
Один против всех,"Сухов, Евгений Евгеньевич","Москва : ЭКСМО, 7"
Тактикон,Νίκων ο Μαυρορείτης (apie 1025 - po 1100),"Въ монастыре почаевскомъ : [s. l.], 7303 11 15"
"Von Gottes Gnaden Wir, Georg Friederich, Marggraff zu Brandenburg In Preussen ... hiemit allen und jedermenniglichen wes Standes oder wesens die sind, zuvernehmen, Nachdeme uns von unsern unterthanen und Dienern vielfeltige klagen und berichte einkommen ...","Georg FriedrichI (1539–1603), Brandenburgo-Ansbacho markgrafas","Königsperg : [s. n.], den 7 Iunii ... 1593"
"Iasnie Wielmoznego ... x. Wawrzynca Gembickiego, biskupa chełmińskiego ... po approbatiey Reguły y porządkow ... w klasztorze chełmińskim, do zakonnic, Napominanie w roku panskim 1607 dnia 7 kwietnia; Tegosz Wielebnego Oyca ... Obwieszczęnie ! intentiey swey, iako declaratiae na Regułę approbowaną maią bydź rozumiane ... ex actis Culmae 1609 6 Octobris","Gembicki, Wawrzyniec (1559-1624)","[S.l., post 6 Oct. 1609]"
"Topicorum legalium, hoc est Locorum seu notarum, ex quibus argumenta & rationes legimitè probandi sumuntur. Infractionum item aduersus uiciosas argumentationes, exactissima traditio","Oldendorp, Johann (1480/90-1567)","[Marpurgi] : [per Christianum Egenolphum & Andream Colibium], [6. Cal.' Aug. M. D. LI] [1551 liepos 27]"
"Lilium d. Casimiri Regni Poloniae ac M.D. Lituaniae patroni, natali carmine celebratum atque illustrissimo ac reverendissimo d.d. Casimiro Pac episcopo Samogitiae Vilnesique praeposito ... natalem d. tutelaris diem celebranti","Bialavičius, Valentinas (1637-1678)","Vilnae : [typis Academicis S.I.], die 4. Mart. 1669"
Išvados apie kooperacijos vaidmenį Lietuvos ekonominiame gyvenime,"Šalčius, Petras (1893–1958)","[S.l.], [XX a. 4 deš.]"
"Pozuojantis asmuo „Metalo"" fabriko gaminių sandėlyje","Zenkevičius, Juozas","[Kaunas], [XX a. 4 deš.?]"
"Dreissig Discursus, oder Predigten über den Englischen Gruss, oder Ave Maria, auf die Form und Art dess Dominicalis und Festivalis eingerichtet","Faber, Vitus","Würtzburg : gedruckt bey Hiob Hertz, [post 2 II] 1681"
Und die Bibel hat doch recht,"Keller, Werner","Berlin : Ullstein, 209"
7 Чуств:Альбом,"Ленн,  Миша","Москва : Студия ""4+4'', 209"
Титаны Возрождения и секреты тамплиеров и иллюминатов,"Кокс, С.","М. : АСТ, 207"
Kapuściński: nie ogarniam świata,"Kapuściński, Ryszard","Warszawa : Wydawnictwo Świat Książki, 207"
Būkime judrūs,"Barzdonytė-Morkevičienė, Loreta","Kaunas : D&DM, 2024"
Corporate social hypocrisy,"Štreimikienė, Dalia","New York : Routledge, 2024"
Sustainable energy development,"Šikšnelytė, Indrė","Boca Raton, Fla. : CRC Press, 2024"
De perfectione,"Tiškevičius, Jurgis (apie 1571-1625)","Cracoviae : in Officina Andreae Petr[icovii]..., [post 2 I] 1624"
"Compendium Biblie totius, hoc est Epitoma sacrae scripturae utriusque s. testamenti iuxta literalem sensum","Aureolus, Petrus (apie 1280-1322)","[Strasbourg] : [Ioanne Schotto pressore Argentinensi], [21. Februarij 1514]"
Награда рыцаря,"Маккерриган, Сара","Москва : АСТ, 208"
"Elevatika, arba Elevacinė etika","Beržinskas, Gediminas","Vilnius : [Baltijos kopija], 2024"
Vandens nauda,"Barzdonytė-Morkevičienė, Loreta","Kaunas : D&DM, 2024"
Triukšmo žala,"Barzdonytė-Morkevičienė, Loreta","Kaunas : D&DM, 2024"
Jono Lukšės kraštotyros rinkinio apžvalga,"Nėnienė, Inga","Kaunas, 2023.10.27"
Kvietimas Albinai Saladūnaitei ir bendraminčiams į Panevėžio vyskupo emerito Jono Kaunecko 85-erių metų jubiliejų,"Kauneckas, Jonas","Panevėžys, 2023 06 24"
Nekaltieji ir kaltininkai,"Δούκα, Μάρω","Vilnius : BALTO leidybos namai, 2023"
Разрушенный дворец,"Watt, Erin","Москва : АСТ, [2023]"
Wiktor But,"Гасюк, Александр Геннадьевич","Vilnius : Baltosios gulbės, 2023"
Laisvės kultūra,"Kavolis, Vytautas (1930–1996)","[Vilnius] : Odilė, [2023]"
Lietuvių kalba ir literatūra,"Kuodienė, Rūta","Kaunas : Šviesa, 2023-"
Matematika,"Bružienė, Sonata","Kaunas : Šviesa, 2023-"
Viskas iš karto,"Leno, Katrina","Vilnius : Nieko rimto, 2023"
Šis tas apie medūzas,"Benjamin, Ali","Vilnius : Nieko rimto, 2023"
Korano skaitymo pagrindinės taisyklės,"Beganskas, Aleksandras","Vilnius : Lietuvos musulmonų religinių bendruomenių taryba-Muftiatas, 2023"
5 minučių pasakos 4 metų vaikams,"Dean, Lindsey","Kaunas : Vaiga, [2023]"
Pribuvėjos paslaptis,"Gunnis, Emily","Vilnius : Tyto alba, 2023"
Kūriniai fortepijonui,"Dvarionas, Balys (1904–1972)","Vilnius : [Inter Se], 2023"
Bobausis be ausų,"Jakaitė-Bulbukienė, Kristina","Vilnius : Labdaros ir paramos fondas „Švieskime vaikus“, 2023"
Dangiškosios kūrinijos nektare,"Pėveraitytė-Giraitienė, Biruta","Marijampolė : [TeleSATpressa], 2023"
Geležinės širdies Violeta,"Barnhill, Kelly Regan","Vilnius : Nieko rimto, 2023"
Kiaulė pas kirpėją ir kitos istorijos,"Kästner, Erich (1899–1974)","Vilnius : Alma littera, 2023"
Juoda ranka,"Vilė, Jurga","Vilnius : AMK, 2023"
Kario individualių įgūdžių tobulinimo vadovas,"Eitutis, Vidmantas","Vilnius : Generolo Jono Žemaičio Lietuvos karo akademija, 2023"
Churkano migla,"Daškus, Arvydas","Klaipėda : Eglės leidykla, 2023"
Džiaugsmas dienų audime,"Daujotytė-Pakerienė, Viktorija","Vilnius : Tyto alba, 2023"
Lietaus upės,"Deviatnikovienė, Erminija","Vilnius : Homo liber, 2023"
Kodas „Rožė“,"Quinn, Kate","Vilnius : Alma littera, 2023"
Ežys ir jūra,Mili Joni,"Vilnius : 3 norai, 2023"
Šachas ir matas!,"Graff, Ben","Vilnius : Briedis, 2023"
Paskutinis gambitas,"Barnes, Jennifer Lynn","Vilnius : Alma littera, 2023"
Pribuvėjos sapnas,"Ebert, Sabine","Kaunas : Obuolys [i.e. Lectio divina], [2023]"
Galinių fasadų modernumas,"Česonis, Gintaras","Kaunas : Kaunas Photography Gallery, [2023]"
Bipolinis sutrikimas: išlikimo vadovas sergantiesiems,"Miklowitz, David Jay","Vilnius [i.e. Klaipėda] : Liūtai ne avys, 2023"
Siužetas,"Korelitz, Jean Hanff","Vilnius : BALTO leidybos namai, 2023"
Susitikim Kaune,"Žiūkaitė, Monika","Kaunas : Pasaulio lietuvių centras, 2023"
Harry Potter. Burtininkų almanachas,"Rowling, J.K.","Vilnius : Alma littera, 2023"
Gyvenimo raštai,"Sandgren, Lydia","Vilnius : Alma littera, 2023"
Kaip gyventi. Ką daryti,"Cohen, Josh","Vilnius : Vaga, 2023"
Kelionė link laimės,"Douglas, Michelle","Vilnius : Svajonių knygos, 2023"
Uolynų gėlė,"Tuti, Ilaria","[Vilnius] : [„Baltų lankų“ leidyba], [2023]"
"Vaikas ir jo augalas, arba Begalybė augalui","Pukinskaitė, Nijolė Simona","[Vilnius] : Dailės artelė, 2023"
Pokalbiai su draugais,"Rooney, Sally","Vilnius : Alma littera, 2023"
33 eilėraščiai,"Szymborska, Wisława (1923–2012)","Vilnius : Apostrofa, [2023]"
Lukiškės,"Vanagaitė, Rūta","Kaunas : Obuolys [i.e. Lectio divina], [2023]"
Valytoja,"Land, Stephanie","Vilnius : BALTO leidybos namai, 2023"
Ypatingų vaikų namai,"Riggs, Ransom","[Vilnius] : Alma littera, [2023]"
Kiaurymių miestas,"Riggs, Ransom","[Vilnius] : Alma littera, [2023]"
Gelmių šviesa,"Hardinge, Frances","Vilnius : Nieko rimto, 2023"
Raudonos aguonos tarp bėgių,"Semaškaitė-Boharevičienė, Marija","Kaunas : Naujasis lankas, 2023"
Užkampynė,"Zarambaitė, Ignė","Vilnius : Alma littera, 2023"
Paukščių miestas debesyse,"Doerr, Anthony","Vilnius : Alma littera, 2023"
Pavasario linksmybės,"Gaižauskaitė, Zita","Kaunas : Spaudos praktika, 2023"
Tradicijos palikimas,"Dementavičius, Justinas","Vilnius : Vilniaus universiteto leidykla, 2023"
Vaižganto asmuo ir kūryba: krikščionybės ir modernybės sąveika,"Vanagaitė, Gitana","Kaunas : Vytauto Didžiojo universitetas, 2023"
Vaižganto asmuo ir kūryba: krikščionybės ir modernybės sąveika,"Vanagaitė, Gitana","Kaunas : Vytauto Didžiojo universitetas, 2023"
Vilna,"Cohen, Israel (1879–1961)","[Vilnius] : Hubris, [2023]"
Šalies konkurencingumas eksporto požiūriu: Lietuvos atvejo studija,"Petrylė, Vaiva","Vilnius : Vilniaus universiteto leidykla, 2023"
Vertinimo užduotys 4 metų amžiaus vaikams,"Mudėnienė, Viktorija","Vilnius : [V. Mudėnienė], 2023"
Apolonija,"Zeitler, Valentina","Vilnius : Žuvėdra, 2023"
Iš tolimo Krinčino,"Nudas, Virginijus Mykolas","Panevėžys : Reklamos forma, 2023"
Grožis ir Heizelis,"Grušaitė, Gabija","[Vilnius] : Lapas, [2023]"
Metų monotonija,"Skripkutė-Gutauskienė, Loreta","Vilnius : Rieduliai, 2023"
Itanas Fromas,"Wharton, Edith (1862–1937)","Vilnius : Svajonių knygos, 2023"
Akimirkom pražydęs laikas,"Ramelienė, Renata","[Vilnius] : [R. Ramelienė], 2023"
Du Czesławo Miłoszo miestai,"Baltėnas, Arūnas","[Vilnius] : Baltėno archyvai, [2023]"
Aplink pasaulį per 80 dienų,"Verne, Jules (1828–1905)","Vilnius : Alma littera, [2023]"
Audrų sezonas,"Sapkowski, Andrzej","[Vilnius] : Alma littera, [2023]"
Kūryba,"Kučinskienė, Eglė","Kaunas : Ridsales, 2023"
Vaiko nuomonės išklausymo metodinis vadovas,"Intė, Odeta","Vilnius : Mykolo Romerio universitetas, 2023"
Miglų slėnio fėjų burtai,"Lepšienė, Edita","[Nedėldaržis, Marijampolės sav.] : Aridėja, 2023"
Oliva Denaro,"Ardone, Viola","Vilnius : Alma littera, 2023"
"Serui Filipui, su meile","Quinn, Julia","Vilnius : Alma littera, 2023"
Vėl karas Europoje,"Mažylis, Liudas","Kaunas : Vytauto Didžiojo universitetas, 2023"
Kaip Kovno tapo Kaunu,"Balkus, Mindaugas","Kaunas : Vytauto Didžiojo universitetas, 2023"
Daugiau nei turtas,"Preston, Janice","Vilnius : Svajonių knygos, 2023"
Dūris,"Bogdanas, Ramūnas","Vilnius : „Baltų lankų“ leidyba, [2023]"
Ežio namai,"Vasiliauskaitė, Kristina",Natų leidinių duomenys:Partitūra
Vėjas vyšniose supas,"Jucienė, Elena","Kaunas : Ridsales, 2023"
Kūryba,"Jankauskienė, Jūratė","Kaunas : Ridsales, 2023"
Dvibalsiai,"Andrianova, Aldona","Šiauliai : Lucilijus, 2023"
Idant būtų aiškiau,"Katinas, Alvydas","Vilnius : Santara, 2023"
"Diana, Viljamas ir Haris","Patterson, James","Kaunas : Obuolys [i.e. Lectio divina], [2023]"
Dialogas,"Landsbergis, Vytautas","Vilnius : „Baltų lankų“ leidyba, [2023]"
Balandės sparnai,"James, Henry (1843–1916)","Kaunas : Jotema, [2023]"
"Tie, kuriuos myli","Hislop, Victoria","Kaunas : Jotema, [2023]"
Религиозно-философские мотивы и образы в поэзии Андрея Белого,"Литовченко, Наталия","Клайпеда : Klaipėdos universiteto leidykla, 2023"
Palinkėsiu Tau,"Mačiulskienė, Renalda","Kaunas : Ridsales, 2023"
Kūryba,"Vyšniauskas, Arvydas","Kaunas : Ridsales, 2023"
Peržengta riba,"Webb, Debra","Vilnius : Briedis, 2023"
Smėlio laiptais,"Širvinskienė, Renata","Vilnius : Gelmės, 2023"
Žmogžudystė Rytų eksprese,"Christie, Agatha (1890–1976)","Kaunas : Obuolys [i.e. Lectio divina], [2023]"
Sugrįžimas į minčių keliones,"Mačiukas, Algis","Panevėžys : Reklamos forma, 2023"
Koncertas turėklui,"Ogenskienė, Ina","Vilnius : Labdaros ir paramos fondas „Švieskime vaikus“, 2023"
Fuga fis-moll (VL 82),"Čiurlionis, Mikalojus Konstantinas (1875–1911)","Vilnius : Lietuvos muzikos informacijos centras, [2023]"
Kanonas c-moll (VL 216a),"Čiurlionis, Mikalojus Konstantinas (1875–1911)","Vilnius : Lietuvos muzikos informacijos centras, [2023]"
Pasaulio pažinimas,"Makarskaitė-Petkevičienė, Rita","Vilnius : Šviesa, [2023]"
Kaip užauginti žmogų,"Kurienė, Aušra","Vilnius : Alma littera, 2023"
Karalienė,"Dennison, Matthew","Vilnius : Alma littera, 2023"
Ar lengva įsimylėti rašytoją?,"Faye, Jennifer","Vilnius : Svajonių knygos, 2023"
Ištekėti du kartus,"Faye, Jennifer","Vilnius : Svajonių knygos, 2023"
"Ana, Hana ir Johana","Fredriksson, Marianne (1927–2007)","Vilnius : Alma littera, 2023"
Ukrainos karo audrose,"Kumpis, Arūnas","Vilnius : Briedis, 2023"
Blogio metas,"Kapoor, Deepti","Vilnius : Alma littera, 2023"
Ekonomikos modulio komponentės „Mikroekonomika ir makroekonomika“ studijavimo vadovas,"Maksvytienė, Inga","Kaunas : Kauno kolegijos Reklamos ir medijų centras, 2023"
Sielos styga,"Bačinskienė, Danutė","Alytus : [Alytaus spaustuvė], 2023"
Antikristas,"Nietzsche, Friedrich Wilhelm (1844–1900)","Kaunas : [Lectio divina], [2023]"
Kūryba,"Mockeliūnienė, Rita","Kaunas : Ridsales, 2023"
Arkliai,"Volant, Iris","Vilnius : Nieko rimto, 2023"
Gyvenimas pilyje,"Navrátil, Ondřej","Vilnius : Nieko rimto, [2023]"
Paryžiaus romanų fabrikas,"Husemann, Dirk","Vilnius : Alma littera, 2023"
Kūryba,"Vilkelienė, Vilija","Kaunas : Ridsales, 2023"
Kelionė prasideda,"Källner, Oskar","Vilnius : Alma littera, 2023"
Miglų slėnio fėjų pasakos,"Lepšienė, Edita","[Nedėldaržis, Marijampolės sav.] : Aridėja, 2023"
Geltonos krokodilų akys,"Pancol, Katherine","Vilnius : Alma littera, 2023"
Psichologinis tvirtumas,"Zahariades, Damon","Vilnius [i.e. Klaipėda] : Liūtai ne avys, 2023"
Iš emocinės tuštumos,"Webb, Jonice","Riešė, Vilniaus r. : Abigailė, [2023]"
Aš dar ievomis žydėsiu,"Dubickas, Arūnas","Kaunas : Ridsales, 2023"
Elektros boikotas ir kiti pasakojimai apie smetoninę Lietuvą,"Kulikauskas, Gediminas","Vilnius : BALTO leidybos namai, 2023"
Sausmedžiu kvepianti vasara,"Woods, Sherryl","Vilnius : Svajonių knygos, 2023"
Laimės nesuplanuosi,"Preston, Janice","Vilnius : Svajonių knygos, 2023"
Velykos,"Masiulienė, Diana","Panevėžys : [Panevėžio spaustuvė], 2023"
Toliau paslapties,"Rakutienė, Rolanda Elžbieta","Kaunas : Ridsales, 2023"
Mes pradedame iš naujo,"Hoover, Colleen","[Vilnius] : [„Baltų lankų“ leidyba], [2023]"
Varnų ežeras,"Lawson, Mary","Vilnius : Alma littera, 2023"
Šviesusis rytojus,"Асєєв, Станіслав Володимирович","Kaunas : BigBookTalk, [2023]"
Jono Aisčio paslaptis,"Šereikienė, Valentina","Kaunas : Naujasis lankas, 2023"
Tūkstantmečių pėdomis,"Mikužienė, Irena Gražina","Kaunas : Vitae Litera, 2023"
Naktinis darbas,"Roberts, Nora","Kaunas : Jotema, [2023]"
Otis kerpa ir klijuoja,"Dirgėlienė, Skaistė","Vilnius : Alma littera, [2023]"
Jausmų vizijos,"Slavinskas, Vilius Ksaveras (1943–2023)","Kaunas : Vilius Ksaveras Slavinskas, 2023"
"Nerimo samprata egzistencinėje filosofijoje (S. Kierkegaard, M. Heidegger) ir egzistencinėje psichologijoje (R. May, E. Spinelli)","Grigas, Justinas","Vilnius : Vilniaus universiteto leidykla, 2023"
Kūryba,"Mincienė, Ilona","Kaunas : Ridsales, 2023"
Gerovės valstybės architektas,"Levandavičiūtė, Ona","Kaunas : Ridsales, 2023"
Knygų dalintojas,"Henn, Carsten Sebastian","Vilnius : Briedis, 2023"
Neįgaliojo įsiliejimas į veiklos pasaulį,"Baužienė, Zita","Vilnius : Kriventa, 2023"
Bloodbath nation,"Auster, Paul","London : Faber & Faber, 2023"
Duok penkis sau!,"Robbins, Mel","Vilnius : BALTO leidybos namai, 2023"
Panelės Benson vabalas,"Joyce, Rachel","Vilnius : BALTO leidybos namai, 2023"
Širdies kelias,"Grupas, Aldona","Kaišiadorys : Printėja, 2023"
Kūryba,"Volungevičienė, Danutė","Kaunas : Ridsales, 2023"
Daržo atmintinė,"Anelauskaitė-Motiejauskė, Ieva","[Trečionys, Prienų r.] : [I. Anelauskaitė-Motiejauskė], 2023"
Išsiduosi. Balsu,"Juknaitė, Vanda","Vilnius : Lietuvos rašytojų sąjungos leidykla, [2023]"
Gyveno kartą Uvė,"Backman, Fredrik","Vilnius : Alma littera, 2023"
Rojaus obuoliukai,"Vilimaitė, Bitė (1943–2014)","Vilnius : Alma littera, 2023"
Du gaideliai,"Stanienė, Silvija","[Kretinga] : [S. Stanienė], 2023"
Pirmoji pasaulyje dirbtinio intelekto sukurta verslo knyga,"Lagūnavičius, Tomas","Kaunas : [T. Lagūnavičius], 2023"
Purpurinio šalmo mįslė,"Šileikytė-Zabalujeva, Loreta","Alytus [i.e. Kaunas] : Ridsales, 2023"
Paskendęs turgus,"Pulkauninkas, Andrius","Vilnius : [A. Pulkauninkas], 2023"
Skambančios spalvos,"Butkevičius, Pranas (1920-1994)","Kaišiadorys : Printėja, 2023"
Antradienis,"Amores, Eva","Vilnius : Alma littera, 2023"
Puslapis švelnumo,"Martusevičius, Benas Audrius","Vilnius : Alma littera, 2023"
Minam kartu,"Dambrauskaitė-Bakutienė, Solveiga","Kaunas : Terra Publica, 2023"
Jausmai ant keteros bangos,"Urbaitė-Baublienė, Ramutė","Kaišiadorys : Printėja, 2023"
Oliverio Tvisto nuotykiai,"Dickens, Charles (1812–1870)","Vilnius : Alma littera, 2023"
Dora Maar ir dvi jos meilės,"Storks, Bettina","Vilnius : Alma littera, 2023"
Sniego karalienė,"Haworth, Katie","Vilnius : Alma littera, [2023]"
Ar yra gyvenimas po karo?,"Stanké, Alain","Vilnius : Žara, [2023]"
Svajoti,"Kasten, Mona","[Vilnius] : Alma littera, [2023]"
Volfas Engelman,"Akmenytė, Vilma","Kaunas [i.e. Biruliškės, Kauno rajonas] : Kopa, 2023"
Talentų turnyras,"Ruhe, Anna","Kaunas : Debesų ganyklos [i.e. Terra Publica], 2023"
Pozityvus auklėjimas kiekvienai dienai,"Durrant, Joan E.","[Vilnius] : Gelbėkit vaikus, [2023]"
Pranešėjas ir Prezidentas,"Pancerovas, Dovydas","Vilnius : AMK, 2023"
Tarytum pasaka!,"Stanké, Alain","Vilnius : Žara, [2023]"
Kerštas,"Pladienė, Loreta","[Kaunas] : [Ridsales], 2023"
The formation and investigation of titanium dioxide structures for photocatalytic applications,"Kavaliūnas, Vytautas","Kaunas : Kauno technologijos universitetas, 2023"
Svajoti,"Kasten, Mona","Vilnius : Alma littera, 2023"
Sielų biblioteka,"Riggs, Ransom","Vilnius : Alma littera, 2023"
Kūryba,"Revenkienė, Gerda","Kaunas : Ridsales, 2023"
Paskutinės Džono Lenono dienos,"Patterson, James","Kaunas : Obuolys [i.e. Lectio divina], [2023]"
Mano visatos kvantai,"Sotera, Daiva","[Vilnius] : L. Leščinskas, 2023"
Mane mylėjo ežerai,"Telksnytė, Milda","Vilnius : Homo liber, 2023"
Vasara po vasaros,"Fortune, Carley","Vilnius : Alma littera, 2023"
Inanna,"Stonkutė, Loreta","Kaunas : Mijalba, 2023"
Vaiko gijimas po trauminės patirties,"Solter, Aletha Jauch","[Kaunas] : Žmogaus psichologijos studija, 2023"
Kūryba,"Gildutytė-Navikienė, Irena","Kaunas : Ridsales, 2023"
Oligopoly problem in the European Union competition law: game theory perspective,"Jablonskis, Martynas","Basel, Vilnius [i.e. Vilnius] : Mykolo Romerio universitetas, 2023"
Dar esu,"Steponavičienė, Laima","Kaunas : Ridsales, 2023"
Šermukšnio karoliai,"Petrikas, Rimantas","Utena : Utenos Indra, 2023"
Kur bėga Šešupė,"Sasnauskas, Česlovas (1867-1916)",Natų leidinių duomenys:Partitūra
Bendrinės lietuvių kalbos skiemuo,"Kazlauskienė, Asta","Kaunas : Vytauto Didžiojo universitetas, 2023"
Paskolintas šuniukas,"Webb, Holly","Vilnius : Alma littera, 2023"
Žmonės kaip paukščiai,"Dobužinskaitė, Danutė","Vilnius : Jusida, 2023"
Miško kuždesiai,"Bohlmann, Sabine","Vilnius : Nieko rimto, 2023"
Raidės ir žodžiai,"Nordqvist, Sven","Vilnius : Nieko rimto, 2023"
Neplanuotas gyvenimas,"Leinartė, Dalia",2023
Tobulas grobis,"Fields, Helen","Kaunas : Jotema, [2023]"
Mirties nuosprendis,"Gruber, Andreas","Kaunas : Jotema, [2023]"
Viešnagė,"Edwards, Mark","Kaunas : Jotema, [2023]"
Jis mane gano,"Ciszek, Walter J. (1904-1984)","Vilnius : Magnificat leidiniai, 2023"
Nieko nesakyk,"Keefe, Patrick Radden","[Vilnius] : Kitos knygos, [2023]"
Rex iustissimus,"Valikonytė, Irena","Vilnius : Vilniaus universiteto leidykla, 2023"
Vadoklių seniūnijos gyvenamosios vietos,"Juknevičius, Petras","Panevėžys : Reklamos agentūra „25 kadras“, 2023"
Devyniolika saulėtekių,"Žilinskas, Romualdas","[Kaunas] : [R. Žilinskas], [2023]"
Nebuvimo estetika,"Goebbels, Heiner","Vilnius : Apostrofa, 2023"
Alinantis perdegimas,"Malesic, Jonathan","Vilnius [i.e. Klaipėda] : Liūtai ne avys, 2023"
Blyškiaveidis melas,"Crow, David","Vilnius [i.e. Klaipėda] : Liūtai ne avys, 2023"
Meilės fizika,"Карамова, Римма","Vilnius [i.e. Klaipėda] : Liūtai ne avys, 2023"
Diabeto kodas,"Fung, Jason","Vilnius [i.e. Klaipėda] : Liūtai ne avys, 2023"
Kūryba,"Sudintienė, Rasa","Kaunas : Ridsales, 2023"
Pusė uogos,"Griškevičienė, Dalia","Kaunas : Ridsales, 2023"
Įžūlioji markizo kaimynė,"Heath, Virginia","Vilnius : Svajonių knygos, 2023"
Kūryba,"Rakutienė, Rolanda Elžbieta","Kaunas : Ridsales, 2023"
Į kitą amžių,"Rupšlaukis, Linas",Natų leidinių duomenys:Partitūra
Kūryba,"Sejūnas, Šarūnas","Kaunas : Ridsales, 2023"
Sielų teismas,"Carrisi, Donato","Vilnius : Sofoklis, 2023"
Wo / Men,"Kajackaitė, Agnė","Vilnius : „Baltų lankų“ leidyba, [2023]"
60 akimirkų,"Šleiniutė-Buzelienė, Lina","[Telšiai] : [Spaudos lankas], [2023]"
"Putinas, arba Valdžios manija","Thom, Françoise","Vilnius : Briedis, 2023"
Pasmerkti gyvi,"De Franchi, Marco","Vilnius : Alma littera, 2023"
Стійкість: тяжко виборена мудрість для ліпшого життя,Ерік Ґрейтенс,"Харків : „Ранок“, 2023"
Šviesiuko skaičiai,"Buzienė, Laura","Šiauliai : Lucilijus, 2023"
Tomb of sand,"Śrī, Gītāñjali","[London] : Tilted Axis Press, [2023]"
Pažadai vidurnaktį,"Woods, Sherryl","Vilnius : Svajonių knygos, 2023"
Labiausiai apkalbama panelė,"Heath, Virginia","Vilnius : Svajonių knygos, 2023"
Dvasinė paguoda,"Gallagher, Timothy M.","Vilnius : Katalikų pasaulio leidiniai, [2023]"
Laikas mirti,"Diat, Nicolas","Vilnius : Katalikų pasaulio leidiniai, [2023]"
Surplus-enjoyment,"Žižek, Slavoj","London : Bloomsbury Academic, 2023"
Visuomeninis ugdymas,"Dobrovolskienė, Irma","Vilnius : Šviesa, 2023"
Lukas Šiaudelis laimi milijoną,"Dirgėla, Tomas","Vilnius : Tyto alba, 2023"
Gyvenimo linijos vingiai,"Balčiūnas, Vidmantas","Vilnius : [R. Balčiūnas], 2023"
Pavogtas dėmesys,"Hari, Johann","Vilnius : Briedis, 2023"
Architekten Reisen,"Kramer, Sibylle","[Berlin] : Braun Publishing, 2023"
Pokalbiai su tėvu,"Landsbergis, Vytautas V.","[Vilnius] : Dominicus Lituanus, [2023]"
Mano miesto plakatai,"Dambrauskas, Vilmantas","Šiauliai : Neatšaukti atidarymai, 2023"
Kapų planeta,"Källner, Oskar","Vilnius : Alma littera, 2023"
Kur eini? – Į biblioteką!,"Laurinavičius, Jonas","Kaunas : Naujasis lankas, 2023"
Griuvėsių mergaitė,"Bernstein, Lilly","Vilnius : Briedis, 2023"
Saldžiai kartu,"McCullough, Colleen (1937–2015)","Vilnius : Tyto alba, 2023"
Paskutinė vasara,"Swan, Karen","Vilnius : Tyto alba, 2023"
Dvasios iš gretimos gatvės,"White, Karen S.","Vilnius : Tyto alba, 2023"
The gospel according to the new world,"Condé, Maryse","New York : World Editions, [2023]"
While we were dreaming,"Meyer, Clemens","London : Fitzcarraldo Editions, [2023]"
Širdies jausmų vėrinys,"Jucevičiūtė-Subačienė, Dalia","Kaišiadorys : Printėja, 2023"
Optimistas,"Kantauskas, Algis","[Kaunas] : [Indigo print], [2023]"
Myliu,"Kisielienė, Neringa","[Kaunas] : [N. Kisielienė], [2023]"
Nebe ta moteris,"Pagán, Camille","Vilnius : BALTO leidybos namai, 2023"
Aitvaras virš pievos,"Kerulienė, Irena","Utena : Utenos Indra, 2023"
Fundamentals of design,"Ambach, Mike","Sulgen : Niggli, 2023"
Bakalauro baigiamojo ir kitų rašto darbų rengimo metodiniai nurodymai Verslo vadybos fakulteto studentams,"Skvarciany, Viktorija","Vilnius : Vilniaus Gedimino technikos universitetas, 2023"
Kalė,"Quintana, Pilar",2023
Ramuma,"Murnikovas, Arūnas","Vilnius [i.e. Kupiškis] : A. Murnikovas, 2023"
Lopšinė,"Börjlind, Cilla","Kaunas : Obuolys [i.e. Lectio divina], [2023]"
The shards,"Ellis, Bret Easton","New York : Alfred A. Knopf, 2023"
Nuotolinio ir mišraus mokymo(-si) metodinė priemonė,"Balevičienė, Dovilė","Vilnius : Vilniaus universiteto leidykla, 2023"
Nuotolinio darbo iššūkiai ir galimybės,"Lazauskaitė-Zabielskė, Jurgita","Vilnius : Vilniaus universiteto leidykla, 2023"
Хто викрав короля кухнi,"Gatti, Alessandro","Харкiв : Видавництво Ранок, 2023"
"Mergina, kuri pabėgo iš Aušvico","Midwood, Ellie","Vilnius : Sofoklis, 2023"
Rytoj... ir vėl rytoj... ir vėl rytoj,"Zevin, Gabrielle","Vilnius : Alma littera, 2023"
Dingusi dukra,"Ferrante, Elena","Vilnius : Alma littera, 2023"
Dingusi dukra,"Ferrante, Elena","[Vilnius] : Alma littera, [2023]"
Aušvicas,"Rees, Laurence",2023
Vienas,"Karp, David (1922–1999)",2023
„Pafrontė“: Valstybė ir visuomenė Lietuvos pasienyje su Lenkija 1920–1939 m.,"Nekrašas, Leonas","Vilnius : Vilniaus universiteto leidykla, 2023"
Septynios čakros - septyni laipteliai realizacijos link,Sati Mata,"Gargždai, Klaipėdos rajonas : Tobulėjimo projektai, 2023"
Tik sauja smilčių,"Abramavičienė, Danutė","Kaunas : Naujasis lankas, 2023"
Eva ir Ema Palangoje,"Kettler, Aurika",2023
Lietuvių kova prieš germanizaciją Klaipėdos krašto mokyklose,"Nausėdas, Vladas (1911–1983)","Klaipėda : Klaipėdos universiteto leidykla, 2023"
Our missing hearts,"Ng, Celeste‏","London : Abacus, 2023"
Tegul širdis kalbės,"Valeikienė, Zita","Alytus : Alytaus spaustuvė, 2023"
Gyvybės ir sveikatos dėsniai,"Гогулан, Майя Федоровна","[Kaunas] : Luceo, [2023]"
Žmonija prieš Pabaigos Drakonę,"Dirgėla, Tomas","Vilnius : Tyto alba, 2023"
Išgelbėti mešką,"Viliūnė, Gina","Vilnius : Tyto alba, 2023"
Рабочая тетрадь. Прописи,"Агеева, Елена Борисовна","[Вильнюс] : [Petro ofsetas], [2023]"
Minčių žemėlapis,"Satkutė, Diana","[Kaunas] : [Di Lodi], [2023]"
Vaizdas virš namų stogų,"Kelman, Suzanne","Vilnius : Sofoklis, 2023"
Sunokimo tarpsnio ir genotipo įtaka metabolitų ir mineralinių medžiagų kiekiui erškėčio vaisiuose,"Medveckienė, Brigita","Kaunas : [Vytauto Didžiojo universitetas], 2023"
Šimpis Niurna,"Lang, Suzanne","Vilnius : „Baltų lankų“ leidyba, [2023]"
Atminčiai atminti,"Степанова, Мария Михайловна","Vilnius : Alma littera, 2023"
Polskie Uniwersytety Trzeciego Wieku na Litwie,"Liachovič, Roman","Wilno : [Standart Impressa], 2023"
"Prenatalinės netekties psichosocialinių procesų modelio plėtotė: moterų persileidimo patirtys, įveika ir pagalbos poreikiai","Kukulskienė, Milda","Kaunas : [Lietuvos sveikatos mokslų universitetas], 2023"
Raimundas Majauskas: koloritinės harmonijos ilgesys,"Majauskas, Raimundas","Vilnius : Lietuvos kultūros tyrimų institutas, 2023"
Mirties šokis,"Михайлишин, Ігор Ярославович","[Vilnius] : Hubris, [2023]"
Namas Trado gatvėje,"White, Karen S.",2023
Kapas jūroje,"Nore, Aslak","Kaunas : Obuolys [i.e. Lectio divina], [2023]"
Didžioji Panda ir Mažasis Drakonas,"Norbury, James","Vilnius : Alma littera, 2023"
Klajūnė širdis,"Jonušaitė, Justina","Kaišiadorys : Printėja, 2023"
Saugykla L-4,"Koepp, David","Vilnius : „Baltų lankų“ leidyba, [2023]"
Knygų moteris iš Neramiojo Upelio,"Richardson, Kim Michele",2023
Ukrainos karo audrose,"Kumpis, Arūnas",2023
Tiesioginių užsienio investicijų poveikio Europos Sąjungos šalių mokestinėms pajamoms vertinimas,"Šivickienė, Renata","Vilnius : [Mykolo Romerio universitetas], 2023"
Dawno malarstwo portretowe,"Zaucha, Tomasz","Krakow : Muzueum narodowe w krakowie, 2023"
Nekenčiu Paryžiaus,Aistė,"Vilnius : Svajonių knygos, 2023"
Virsmo simboliai,"Jung, Carl Gustav (1875–1961)","Vilnius : Margi raštai, [2023]"
Berniukas ieško tėčio,"Račickas, Vytautas","Vilnius : V. Račickas, 2023"
Aklas tigras,"Brown, Sandra","Vilnius : Alma littera, 2023"
Trečiadienis,"Amores, Eva","Vilnius : Alma littera, 2023"
7 хрустальных шаров,Hergé (1907-1983),"Москва : Мелик-Пашаев, 2023"
Regos nervas,"Gainza, María",2023
Акты отчаяния,"Nolan, Megan","Москва : Phantom press, 2023"
Lopšinė raganoms,"Fox, Hester",2023
Prabilę namai,"Ambrulevičiūtė, Aelita","Vilnius : Aukso žuvys, 2023"
Saulė dramblio narve,"Radžiūnaitė, Skaistė","Kaišiadorys : Printėja, 2023"
Doktor Dolittle i jego zwierzęta,"Lofting, Hugh (1886–1947)","Konin : Wydawnictwo Ibis, 2023"
Król Maciuś Pierwszy,"Korczak, Janusz (apie 1878–1942)","[Konin] : IBIS, [2023]"
Чисто шведские убийства. Отпуск в раю,"де ла Мотт, Андерс","Москва : Манн, Иванова и Фербер, 2023"
"Skriskite, dainos, paukščių taku...","Virbickas, Vidmantas","Šiauliai : Lucilijus, 2023"
Šviesos link,"Bitinaitė, Rugilė Marija","Kaunas : Ridsales, 2023"
Чур я первый!,"Херцог, Аннетте","Москва : Мелик-Пашаев, 2023"
Diary of a Wimpy Kid,"Kinney, Jeff","London : Puffin Books, 2023"
In love,"Bloom, Amy","London : Grantham Books Services, 2023"
Mėlynas kraujas,"Gudas, Eimantas",2023
Kambario 622 paslaptis,"Dicker, Joël",2023
"Heroic cities of Bucha, Irpin, Hostomel","Подобна, Євгенія","Kharkiv : Folio, 2023"
Šimto metų istorija,"Wassmo, Herbjørg","Vilnius : Alma littera, 2023"
Дом под сиренями,"Alcott, Louisa May (1832–1888)","Москва : ЭНАС-КНИГА, 2023"
Доставка почты из Парижа,"Тейлор, Джордин","Москва : АСТ, 2023"
Доверие,"Дуглас, Пенелопа","Москва : АСТ, 2023"
Baltų šventvietės,"Vaitkevičius, Vykintas","Kaunas : Lututė, [2023]"
Charge carrier transport in hybrid perovskites,"Gegevičius, Rokas","Vilnius : Vilniaus universiteto leidykla, 2023"
Neteisėtai esančių užsieniečių grąžinimo teisinio reguliavimo problemos: non refoulemet principas ir užsieniečių apgręžimas,"Šaltė, Ilona","Vilnius : Mykolo Romerio universitetas, 2023"
"Imitacinių bendrovių mugės: pasirengimas, dalyvavimas ir rezultatų apibendrinimas","Bačiulytė, Rima","Vilnius : [Lietuvos imitacinių bendrovių asociacija „Liba“], [2023]"
Dienanaktis,"Landsbergis, Vytautas V.","[Vilnius] : Dominicus Lituanus, 2023"
Development and research of invasive and non-invasive electrodes for electrochemotherapy,"Malyško-Ptašinskė, Veronika","Vilnius : Vilniaus Gedimino technikos universitetas, 2023"
Požeminė sankryža,"Babonas, Stasys",2023
Беседы о музыке с Сэйдзи Одзавой,"Murakami, Haruki","Москва : Эксмо, 2023"
Miauksius ir Viauksius,"Parvela, Timo","Vilnius : Alma littera, 2023"
Slaptas kelias,"Swan, Karen",2023
Księga dżungli,"Kipling, Rudyard (1865–1936)","Konin : Wydawnictwo Ibis, 2023"
Auksinis protas. Grandinėlės,"Valinskas, Arūnas","[Vilnius] : UAB Valius, 2023"
The bandit queens,"Shroff, Parini","London : Atlantic books, 2023"
Jūsų smegenys – tai jūsų pinigai,"Zweig, Jason","[Kaunas] : Luceo, [2023]"
"Tarp įsitikinimo ir atvirybės: pilnutinės demokratijos ištakos, kontekstai ir perspektyvos","Aleksandravičius, Povilas","Vilnius : Mykolo Romerio universitetas, 2023"
Popierinės žvaigždės,"Melnikaitė, Andželika","Vilnius : [Asociacija] „Slinktys“, 2023"
"Aš, tu, atostogos","Henry, Emily","Vilnius : „Baltų lankų“ leidyba, [2023]"
Dėlionė,"Slaughter, Karin","Vilnius : BALTO leidybos namai, 2023"
Big Swiss,"Beagin, Jen","London : Faber & Faber, 2023"
Būties šešėliuose,"Kvetkaitė, Regina","Vilnius–Panevėžys [i.e. Panevėžys] : [R. Kvetkaitė], 2023"
Ledlaužis,"Ohlsson, Kristina","[Vilnius] : Lietuvos rašytojų sąjungos leidykla, [2023]"
Sentimentalūs ir monotoniški etiudai,"Jurkūnas, Jonas","Vilnius : Lietuvos muzikos ir teatro akademija, 2023"
Dienų atlasas,"Riggs, Ransom","[Vilnius] : Alma littera, [2023]"
Liber de domo,"Pavarienė, Rasa","[Vilnius] : [R. Pavarienė], [2023]"
Dūris,"Bogdanas, Ramūnas",2023
Kitokios istorijos ilgesys,"Eidintas, Alfonsas",2023
Tylos istorija,"Cicėnaitė, Akvilina","Vilnius : Alma littera, 2023"
Šešėlio sesuo,"Riley, Lucinda (1965–2021)","Vilnius : Tyto alba, 2023"
Nenuorama,"Rugsėjis, Skirmantė","Vilnius : Alma littera, 2023"
Agnesė Grėj,"Brontë, Anne (1820–1849)","Vilnius : Alma littera, 2023"
Тiнi забутих предкiв,"Коцюбинський, Михайло Михайлович (1864–1913)","Тернопiль : Богдан, 2023"
Critical theory and economics,"Maialeh, Robin","London : Routledge, Taylor & Francis Group, 2023"
Postapokalipsa,"Eidrigevičius, Stasys","[Lublin] : Galeria Sztuki Wirydarz, 2023"
Police intelligence,"Davis, Wayne L.","Boca Raton [etc.] : CRC Press, Taylor & Francis Group, 2023"
Political anthropology as method,"Szakolczai, Árpád","New York, N.Y. : Routledge, Taylor & Francis Group, 2023"
Toxic organizational cultures and leadership,"Hetrick, Susan","London : New York, N.Y., 2023"
Trade union finance,"Masters, Marick Francis","London : Routledge, Taylor & Francis Group, 2023"
Lapės puota,"Jarukas, Almantas","Kaunas : Naujasis lankas, 2023"
Ночь накануне,"Walker, Wendy","Москва : АСТ, 2023"
Visa graži,"Wons, Krzysztof","Vilnius : Katalikų pasaulio leidiniai, [2023]"
Молли и дельфины,"Doyle, Malachy","Астана : Фолиант, 2023"
Последняя жертва,"Marrs, John","Москва : Эксмо, 2023"
Išskirtiniai,"Gladwell, Malcolm","Vilnius : Eugrimas, 2023"
Apgaulingos sužadėtuvės,"Quick, Amanda","Vilnius : Svajonių knygos, 2023"
Das Erbe der Teehändlerin,"Popp, Susanne","Frankfurt am Main : Fischer Taschenbuch, 2023"
Žudikas Kremliuje,"Sweeney, John","Vilnius : Briedis, 2023"
Tu mane padainuok,"Bajoras, Feliksas","[Vilnius] : VšĮ ""Aidija"", 2023"
"Akmuo, popierius, žirklės","Feeney, Alice",2023
Рассказы на ладони,"Kawabata, Yasunari (1899–1972)","Санкт-Петербург : Гиперион, 2023"
Рубин Великого Ламы,"Laurie, André (1844-1909)","Москва : Вече, 2023"
Семь сестер. Потерянная сестра,"Riley, Lucinda (1965–2021)","Москва : Эксмо, 2023"
Kitas kalnas,"Brooks, David","Vilnius [i.e. Klaipėda] : Liūtai ne avys, 2023"
Сёстры Гремийе. Сон Сары,"Di Gregorio, Giovanni","Москва : АСТ, 2023"
Сезон охоты на людей,"Hunter, Stephen","Санкт-Петербург : Азбука, 2023"
Killing moon,"Nesbø, Jo","[London] : Harvill Secker, 2023"
Vaikystės vaiduokliai,"Geringas, Tatjana","Vilnius : Lietuvos muzikų sąjunga, 2023"
"Cardiorespiratory, cognitive, and neuromuscular response to acute noxious heat exposure","Ivanovė, Soneta","Kaunas : [Lithuanian Sports University], 2023"
Essays on behavioral environmental economics applied to energy and production efficiency,"Asmare, Fissha","Vilnius : Vilnius University Press, 2023"
Вечеринка моей жизни,"Мендес, Ямиль Саид","Москва : АСТ, 2023"
Plaukti tamsoje,"Jędrowski, Tomasz","Vilnius : „Baltų lankų“ leidyba, [2023]"
Eolas: Ahasfero sugrįžimas,"Šatkus, Petras","[Vilnius] : [P. Šatkus], [2023]"
Якоб ищет Конни,"Гримм, Сандра","Москва : Альпина Паблишер, 2023"
Penki biologiniai dėsniai,"Markolin, Caroline","[Kaunas] : Luceo, [2023]"
"Effect of short-term continuous positive airway pressure on pulmonary and heart function, quality of life in patients with obstructive sleep apnea","Kondratavičienė, Laima","Kaunas : [Lithuanian University of Health Sciences], 2023"
Metformino ir imeglimino neuroprotekcinių savybių tyrimas taikant židininės galvos smegenų išemijos modelį,"Žemgulytė, Gintarė","Kaunas : [Lietuvos sveikatos mokslų universitetas], 2023"
Akademikas Mečislovas Mariūnas – mechanikos mokslo švyturys,"Šiaudytis, Vytautas","Kaunas : [V. Šiaudytis], 2023"
Visi mūsų vakar,"Ginzburg, Natalia (1916–1991)","Vilnius : Tyto alba, 2023"
Sicilijos liūtai,"Auci, Stefania","Vilnius : „Baltų lankų“ leidyba, [2023]"
Семь сестер. Сестра луны,"Riley, Lucinda (1965–2021)","Москва : Эксмо, 2023"
Семь сестер. Сестра солнца,"Riley, Lucinda (1965–2021)","Москва : Эксмо, 2023"
"Ginc ir išminties pedalas, arba Kaip mokytis groti lengvai ir išradingai","Gascevičius, Gintautas","Vilnius : L. Leščinskas, 2023"
Ar tikrai esu nevykėlė?,"McBride, Karyl","Vilnius [i.e. Klaipėda] : Liūtai ne avys, 2023"
"Aukit, ąžuolėliai! – Oškit ąžuolais...","Baltrėnas, Vilius","Vilnius : Petro ofsetas, 2023"
Сгорая дотла,"Скотт, Эмма","Москва : Эксмо, 2023"
Смерть на фуникулёре,"Бранто, Тони","Москва : Эксмо, 2023"
Šaltu krauju,"Bryndza, Robert","Kaunas : Jotema, [2023]"
Drakonai Griūvančioje Pilyje ir kitos istorijos,"Pratchett, Terry (1948–2015)","Vilnius : Alma littera, 2023"
Šiogūnas,"Clavell, James (1925–1994)","Vilnius : Aukso pieva, [2023]"
San Francisco,"Hutcherson, Bobby (1941–2016)","Hollywood, CA : Blue Note Records, 2023"
Убийца рядом со мной. Мой друг - серийный маньяк Тед Банди,"Рул, Энн","Москва : Эксмо, 2023"
Убийство в доме на холме,"Уолтерс, Виктория","Москва : РИПОЛ классик, 2023"
Meteorologinių sąlygų poveikio dirvožemio drėgmei vertinimas,"Mačiulytė, Viktorija","Vilnius : Vilniaus universiteto leidykla, 2023"
Ugnies giesmės,"Kmita, Rimantas",2023
Laisvai cirkuliuojančios DNR ir TSHR promotoriaus metilinimo diagnozinė bei prognozinė vertė sergantiesiems papiline skydliaukės karcinoma,"Klimaitė, Raimonda","Kaunas : [Lietuvos sveikatos mokslų universitetas], 2023"
Kai kūnas sako ne,"Maté, Gabor","Vilnius : Vaga, 2023"
Mikroekonomikos ir makroekonomikos dalyko studijavimo vadovas apskaitos studijų programos studentams,"Maksvytienė, Inga","Kaunas : Kauno kolegijos Reklamos ir medijų centras, 2023"
Į vakarus su žirafomis,"Rutledge, Lynda",2023
Коли завмирае серце,"Oseman, Alice","Киïв : Видавництво коміксів, 2023"
Sveikatos abėcėlė,"Увайдов, Борис Рафаилович","[Kaunas] : Luceo, [2023]"
Vijetė,"Brontë, Charlotte (1816–1855)","Vilnius : Alma littera, 2023"
Baltymų kinazių MAPK ir AKT tarpusavio ryšio bei priklausomumo nuo užląstelinių kontaktų tyrimai plaučių vėžio kilmės ląstelių modeliuose,"Stulpinas, Aurimas","Vilnius : Vilniaus universiteto leidykla, 2023"
Mažieji vilniečiai,"Pipilevičienė, Ana","Kaišiadorys : Printėja, 2023"
Pedagogika pagal Matvejų,"Соловейчик, Симон Львович (1930–1996)","[Kaunas] : BigBookTalk, [2023]"
'Centuries will not suffice',"Buttar, Prit","Stroud, Glocestershire : Amberley Publishing, 2023"
Pagal Tavo žodį,"Bliūdžiuvienė, Regina","Kaišiadorys : Printėja, 2023"
The daily dad,"Holiday, Ryan","[New York, N.Y.] : Portfolio/Penguin, [2023]"
Kalėdų atvirukai,"Swan, Karen","Vilnius : Tyto alba, 2023"
Paslapčių psichologija,"Slepian, Michael","Vilnius : Tyto alba, 2023"
"Faktorių, veikiančių nukleorūgščių elektropernašą į ląsteles, tyrimas","Palepšienė, Rūta","Kaunas : [Vytauto Didžiojo universitetas], 2023"
Instruments of embodiment,"Mullis, Eric","Abingdon, Oxon : Routledge, 2023"
Queen Elizabeth II,"Strober, Deborah Hart","New York : Pegasus Books, 2023"
Good for a girl,"Fleshman, Lauren","New York : Penguin Press, 2023"
Retreats for the soul,"Bird, Sara","London : Ryland Peters & Small, 2023"
Teaching the annotated bibliography,"Cochran, Cynthia A.","New York, N.Y. : Routledge, Taylor & Francis Group, [2023]"
Apie pinigus su vaikais,"Banytė-Surplienė, Lina",2023
Hello beautiful,"Napolitano, Ann","New York : The Dial Press, [2023]"
King,"Eig, Jonathan","London [etc.] : Simon & Schuster, 2023"
The text & the city: spaces of Vilnius in Lithuanian literature and poetical documentary film of the second half of the 20th century,"Bidlauskienė, Gintarė","Vilnius : Vilnius University Press, 2023"
Trauma – nematoma epidemija,"Conti, Paul",2023
Taika ar karas,"Шишкин, Михаил Павлович",2023
A flash of darkness,"De Voe, Milda","Santa Barbara, Calif. : Borda Books, [2023]"
Influence of applied drama methods on the moral competence of middle-managers,"Medeišienė, Raimonda Agnė","Vilnius : Vilnius University Press, 2023"
Meanings of vernacular architecture: a contemporary detached residential house in Vilnius county,"Serbentienė, Viktorija","Vilnius : Lietuvos istorijos institutas, 2023"
Eilėraščiai,"Mykolaitytė-Vėgėlienė, Aldona","Vilnius [i.e. Kaunas] : Ridsales, 2023"
Tik šiandien...,"Galinienė, Gema","Kaunas : Ridsales, 2023"
Lubinų labirintas,"Daciūtė, Evelina","Vilnius : Alma littera, 2023"
Kur krenta šviesa,"Pataki, Allison","Vilnius : Alma littera, 2023"
Sodo metai,"Amšiejus, Algirdas","Vilnius : Alma littera, 2023"
Kai meilė ateina per Kalėdas,"Darkins, Ellie","Vilnius : Svajonių knygos, 2023"
Viską pakeitusios Kalėdos,"Meier, Susan","Vilnius : Svajonių knygos, 2023"
Keltiška Europos prigimtis,"Kraunevičius, Algirdas","[Kaunas] : [A. Kraunevičius], [2023]-"
Otis pas gydytoją,"Dirgėlienė, Skaistė","Vilnius : Alma littera, [2023]"
Paukštukai ir būžukai,"Žadeikienė, Svetlana","Alytus : Alytaus Jurgio Kunčino viešoji biblioteka, 2023"
Suvedžiotojo dienoraštis,"Kierkegaard, Søren (1813–1855)","Vilnius : Phi knygos, 2023"
Tu gali paliesti savo širdį,"Lileikis, Juozas","Kaunas : Ridsales, 2023"
Antarktidos indėnai,"Gaižauskas, Juozas","Vilnius : Alma littera, 2023"
Nutikimai,"Хармс, Даниил Иванович (1905–1942)","Vilnius : Vaga, 2023"
Žuvis vandenyje,"Laurinaitis, Eugenijus","Vilnius : Alma littera, 2023"
Bėgantis laikas,"Juknevičius, Gediminas","Kaunas : Ridsales, 2023"
Aplinkosaugos ir klimato kaitos nuostatos bei elgsena Lietuvoje,"Balžekienė, Aistė","Kaunas : Technologija, 2023"
The effect of maintaining operating parameters of agricultural tires to minimize soil compaction,"Zabrodskyi, Andrii","Kaunas : [Vytautas Magnus University], 2023"
Jūs – tai istorija,"Sepetys, Ruta","[Vilnius] : [Alma littera], [2023]"
Fragmentas: Remigijus Pačėsa,"Pačėsa, Remigijus (1955–2015)","Vilnius : Šiuolaikinio meno centras, 2023"
Ludwik Sitowski (1880-1947),"Gwiazdowicz, Dariusz J.","Poznań : Wydawnictwo Naukowe UAM, 2023"
"Kaip kalbėti su vaikais, kad jie klausytų ir kaip klausyti, kad vaikai kalbėtų","Faber, Adele","Vilnius : Vaga, 2023"
Brazilian adventure,"Fleming, Peter (1907-1971)","London : Eland Publishing, 2023"
"Псіхбальніца 33, або Мацей і Станіслаў","Турноўская, Маргарыта","Vilnius : Logvino literatūros namai, [2023]"
Į muzikos šalį,"Umbrasienė, Vida","Vilnius : Lietuvos muzikos ir teatro akademija, 2023"
Čia esu aš,"Janušaitis, Edmundas","Vilnius : Asociacija „Slinktys“, 2023"
Selling Europe to the world,"Donzé, Pierre-Yves","London [etc.] : Bloomsbury Visual Arts, 2023"
Sleeping beauties,"Wagner, Andreas","London : Oneworld Publications, 2023"
"Šalys, kultūros, žmonės ir kraštai","Mills, Andrea","Vilnius : Briedis, 2023"
Семь сестер,"Riley, Lucinda (1965–2021)","Москва : Эксмо, 2023"
Paliekant EGO lyderystę,"Avižinis, Paulius","Vilnius : Vaga, 2023"
Mirties šešėlyje,"Robb, J.D.","Kaunas : Jotema, [2023]"
Mimika,"Fitzek, Sebastian","Kaunas : Jotema, [2023]"
„Kas mūsų – kova įgysim“,"Vaitiekus, Severinas","Vilnius : Lietuvos gyventojų genocido ir rezistencijos tyrimo centras, 2023"
Fosilijos yra nėriniai,"Mažulienė, Marija","Kaunas : Kauko laiptai, 2023"
Megztų struktūrų analizė,"Mikučionienė, Daiva","Kaunas : Technologija, 2023"
Kolymos vargetos,"Шаламов, Варлам Тихонович (1907–1982)","Vilnius : Briedis, 2023"
Lankininkas,"Coelho, Paulo","Vilnius : Vaga, 2023"
Žmona,"Wolitzer, Meg","Vilnius : BALTO leidybos namai, 2023"
55,"Delargy, James","Vilnius : BALTO leidybos namai, 2023"
Viską pakeitusios Kalėdos,"Meier, Susan","Vilnius : Svajonių knygos, 2023"
Pelėdžiukas ir sapnų mašina,"Marcinkevičius, Marius","Kaunas : Misteris Pinkmanas, 2023"
Research on environmentally friendly organic granular fertilizer spreading technologies,"Zinkevičienė, Raimonda","Kaunas : [Vytautas Magnus University], 2023"
Kairiarankio kentauro pėdomis,"Šidlauskas, Marijus","Vilnius : Lietuvių literatūros ir tautosakos institutas, 2023"
Šūdmalos darbų teorija,"Graeber, David (1961–2020)","Vilnius : Hubris, 2023"
V kaip vanagas,"Macdonald, Helen","Vilnius : „Baltų lankų“ leidyba, [2023]"
Karikatūros,"Augustinas, Jaunius","Punskas : Punsko „Aušros“ leidykla, 2023"
Enigma regum. Tamga,"Rankelienė, Sondra","Kaunas : Obuolys [i.e. Lectio divina], [2023]"
Sewing techniques,"Prendergast, Jennifer","London [etc.] : Bloomsbury visual arts, 2023"
"Good pop, bad pop","Cocker, Jarvis Branson","London : Vintage, 2023"
Renkuosi atleisti,"Enright, Robert D.","Vilnius : Katalikų pasaulio leidiniai, [2023]"
Liudas Alseika (1887–1960),"Kiriliauskas, Jonas","Stačiūnai, Pakruojo rajonas : Litera, 2023"
Elixir,"Levitt, Theresa","London : Basic Books, 2023"
Project management for newbies,"Soswa, Andrew","[USA] : Andrew Soswa, 2023"
Into the void,"Butler, Geezer","London : Harper Collins Publishers, 2023"
Project management mastery,"Hayden, Jack","[UK] : [s.n.], 2023"
Pjesės akordeonui chromatiniais bosais,"Bakulienė, Renata","Šiauliai : Lucilijus, 2023"
Aš esu Leonardas,"Sorosiak, Carlie",2023
Naujagimiai,"Tumasonytė, Jurga",2023
Puikios savijautos vadovas,"Burns, David D.","Vilnius : Vaga, 2023"
Mirties pasaka,"Gruber, Andreas","Kaunas : Jotema, [2023]"
Kūrybos sparnais pakilę,"Jankauskienė, Jūratė","Kaunas : Ridsales, 2023"
Ugdymas(is) tvarumui,"Bilbokaitė, Renata","Vilnius : Vilniaus universiteto leidykla, 2023"
Žana,"Chen, Katherine J.","Vilnius : Alma littera, 2023"
Po žvaigždėtu Dzūkijos dangumi,"Truskaitė-Tamulynienė, Nijolė","Kaunas : Ridsales, 2023"
Būk naudingas,"Schwarzenegger, Arnold","Kaunas : Obuolys [i.e. Lectio divina], [2023]"
Švyturys tarp dviejų vandenynų,"Stedman, M.L.","[Vilnius] : Alma littera, [2023]"
Apolonija,"Viliūnė, Gina","Vilnius : Alma littera, 2023"
Gliukozės revoliucija,"Inchauspé, Jessie","Vilnius : Alma littera, 2023"
Gliukozės revoliucija,"Inchauspé, Jessie","[Vilnius] : [Alma littera], [2023]"
Naminių obelų (Malus domestica Borkh.) vaisių fitocheminės sudėties ir biologinio aktyvumo tyrimas,"Bračiulienė, Aurita","Kaunas : [Lietuvos sveikatos mokslų universitetas], 2023"
Žemė,"Barauskienė, Lina","Vilnius : Briedis, 2023-"
"Breast, cervical, head and neck cancer: TFAM and POLG variants, mitochondrial DNA alterations and miRNA-210-3p expression effect on tumor phenotype and disease outcome","Stakaitienė, Ieva","Kaunas : [Lithuanian University of Health Sciences], 2023"
Pogumburio-posmegeninės liaukos-antinksčių ašies aktyvumą atspindinčių rodiklių ir NR3C2 polimorfizmų sąsaja su ūminio miokardo infarkto eiga ir jo baigtimis,"Braukylienė, Rima","Kaunas : [Lietuvos sveikatos mokslų universitetas], 2023"
Identification of biomarkers to differentiate the types of acute appendicitis and multisystem inflammatory syndrome in children,"Vansevičienė, Idilė","Kaunas : [Lithuanian University of Health Sciences], 2023"
"Vaikų mobiliosios plokščiapėdystės klinikinių, radiologinių rodiklių ir gyvenimo kokybės vertinimas","Žukauskas, Saidas","Kaunas : [Lietuvos sveikatos mokslų universitetas], 2023"
The feasibility of the indocyanine green mapped sentinel lymph node biopsy evaluating the extent of endometrial cancer,"Gedgaudaitė, Miglė","Kaunas : [Lithuanian University of Health Sciences], 2023"
The prevalence of anthelmintic resistance and analysis of control of Strongylidae nematode infections on Lithuanian horse farms,"Dovydauskienė, Evelina","Kaunas : [Lithuanian University of Health Sciences], 2023"
Carrie Soto is back,"Reid, Taylor Jenkins","New York, N.Y. : Ballantine Books, [2023]"
Ankstyvosios repoliarizacijos ir transtorakalinės impedanso kardiografijos diagnozinė ir prognozinė reikšmė esant lėtiniam širdies nepakankamumui,"Ališauskas, Andrius","Kaunas : [Lietuvos sveikatos mokslų universitetas], 2023"
Toksikologo užrašai,"Badaras, Robertas","Vilnius : Tyto alba, 2023"
100 exercises for developing communication skills at school,"Lagūnavičius, Tomas","[Kaunas] : T. Lagūnavičius, 2023"
100 exercises for improving cognitive skills at school,"Lagūnavičius, Tomas","[Kaunas] : T. Lagūnavičius, 2023"
Žmonių šešėliai,"Mukherjee, Abir",2023
Fashion on the Red Carpet,"Lundén, Elizabeth Castaldo","Edinburgh : Edinburgh University Press, 2023"
The Eyebrows of Doom,"Smallman, Steve","London : Little Tiger Press, 2023"
"Šuo, kuris matė Dievą","Buzzati, Dino (1906–1972)",2023
Rytmečio užrašai,"Skurvydas, Albertas","Kaunas : Vitae Litera, [2023]"
Potvyniai,"Gregory, Philippa","Vilnius : BALTO leidybos namai, 2023"
Де ховаються єдинороги,"Ольховська, Олена","[Харкiв : Ранок], 2023"
Pirmoji aktorė,"Gortner, Christopher W.","Vilnius : Alma littera, 2023"
Sužalota,"Wardere, Hibo","Vilnius : Alma littera, 2023"
Towards the light,"Bitinaitė, Rugilė Marija","Kaunas : Ridsales, 2023"
Tora,"Wassmo, Herbjørg","Vilnius : Alma littera, 2023-"
Tapatybė,"Roberts, Nora","Kaunas : Jotema, [2023]"
Ragana Lilė ir Kalėdų burtai,Knister,"Vilnius : Alma littera, 2023"
Iki vakaro toli nueisiu,"Vaičiulis, Ignas","Kaunas : Ridsales, 2023"
Švyturys tarp dviejų vandenynų,"Stedman, M.L.","Vilnius : Alma littera, 2023"
Pergalės miestas,"Rushdie, Salman","Vilnius : Sofoklis, 2023"
Sea of Tranquility,"Mandel, Emily St. John","New York : Vintage Books, 2023"
"Tomorrow, and tomorrow, and tomorrow","Zevin, Gabrielle","New York : Vintage Books, [2023]"
Frankenšteino efektas,"Barceló, Elia",2023
The crayons go back to school,"Daywalt, Drew","New York : Philomel, 2023"
Muslim masculinities in literature and film,"Cherry, Peter","London [etc.] : I.B.Tauris, 2023"
Tamsos medžiotojas,"Carrisi, Donato","Vilnius : Sofoklis, 2023"
Ponas Sniegas,"Villiot, Bernard","[Vilnius] : „Baltų lankų“ leidyba, [2023]"
Алмази з Танжера,"Винничук, Юрій Павлович","Харкiв : Фабула, 2023"
Atsiminimai,"Vaitkus, Mykolas (1883–1973)","Klaipėda : S. Jokužio leidykla-spaustuvė, 2023"
Клич iндички,"Стеблiвськийй, Євген","Харкiв : Фабула, 2023"
Trojos moterys,"Barker, Pat","Vilnius : „Baltų lankų“ leidyba, [2023]"
Пес Патрон i Шкарпетковий Монстр,"Ран, Юлiта","Харкiв : Ранок, 2023"
Asmeninio profesinio tobulėjimo sistema mokykloje: mokytojų profesinio augimo patirtys,"Kaunickienė, Natalija","Vilnius : Vilniaus universiteto leidykla, 2023"
Lietuvių kalbos vardažodinių asmenų pavadinimų darybiniai sinonimai ir darybiniai variantai,"Gaudinskaitė, Danguolė","Vilnius : Vilniaus universiteto leidykla, 2023"
Tykantis tamsoje,"Lovecraft, Howard Phillips (1890–1937)","[Vilnius] : Kitos knygos, [2023]"
Bjauri meilė,"Hoover, Colleen","Vilnius : „Baltų lankų“ leidyba, [2023]"
"Inkstų veiklos ir jos funkcijai turinčių įtakos veiksnių nustatymo tyrimas po radikalios nefrektomijos ir inkstų rezekcijos, gydant onkologinius ligonius","Makevičius, Jurijus","Vilnius : Vilniaus universiteto leidykla, 2023"
Uzumaki,"Itō, Junji","San Fransisco : VIZ Media, 2023"
Smogiko išpažintis,"Milinis, Mindaugas","Vilnius : Alma littera, 2023"
"Evaluation of the adsorption properties of composite materials for caesium, cobalt, and europium","Novikau, Raman","Vilnius : Vilnius University Press, 2023"
Elie Wiesel,"Berger, Joseph","New Haven : Yale University Press, [2023]"
Gyvenimo grožio pakylėti; Čia visas Nemunas,"Jurkonis, Pranas","Kaunas : Ridsales, 2023"
"You, bleeding childhood","Mari, Michele","Sheffield : And Other Stories, 2023"
Honeybees and distant thunder,"Onda, Riku","[London] : Doubleday, 2023"
Nails and Eyes,"Fujino, Kaori","London : Pushkin Press, 2023"
Molecular mechanisms shaping neuronal networks during brain development and in neuropathologies,"Kuliešiūtė, Ugnė","Vilnius : Vilniaus universiteto leidykla, 2023"
Time's echo,"Eichler, Jeremy","New York : Alfred A. Knopf, 2023"
Life and afterlife in ancient China,"Rawson, Jessica","[London] : Allen Lane, 2023"
Projekto „Lengvi batai“ patyrimų knyga,"Pinskienė, Kristina","Kaunas : Eurispauda, 2023"
Mabel and the Mountain,"Hillyard, Kim","London : Penguin, 2023"
Megamonster,"Walliams, David","London : HarperCollins Children's Books, 2023"
Quantitative and qualitative characterisation of microplastics in organic waste flows and landfills,"Sholokhova, Anastasiia","Kaunas : Kauno technologijos universitetas, 2023"
Ryžių malimo šalutinių produktų perdirbimas į didesnės pridėtinės vertės komponentus taikant apdorojimo ultragarsu ir mikrobinės fermentacijos metodus,"Jukonytė, Rūta","Kaunas : Kauno technologijos universitetas, 2023"
Confessions of an enterprise architect,"Bowman, Charles F.","Boca Raton, Fla. [etc.] : CRC Press, Taylor & Francis Group, 2023"
High diffraction efficiency periodic microstructures for optical wavelength range: from modelling to implementation,"Žutautas, Andrius","Kaunas : Kauno technologijos universitetas, 2023"
Managing community resettlement,"Gerrits, Robert","London : Routledge, Taylor & Francis Group, 2023"
Civilizations of the Silk Road,"Zhang, Xin Gang","London, 2023"
AI for scientific discovery,"Hastings, Janna","Boca Raton, Fla. [etc.] : CRC Press, Routledge, Taylor & Francis Group, 2023"
Dovanos aktas,"Šuliauskas, Alfonsas (1938–2017)","[Druskininkai] : [Druskininkų miesto muziejus], [2023]"
"Teaching communication, skills and competencies for the international workplace","Gimenez, Julio","New York, N.Y. : Routledge, Taylor & Francis Group, 2023"
Media analytics,"Hollifield, C. Ann","New York, N.Y. : Routledge, Taylor & Francis Group, 2023"
Development of sensors and biosensors based on Prussian blue and cobalt hexacyanoferrate,"Virbickas, Povilas","Vilnius : Vilniaus universiteto leidykla, 2023"
A guide to the plays of Bernard Shaw,"Purdom, Charles Benjamin (1883–1965)","London : Routledge, Taylor & Francis Group, 2023"
Law and economics,"Tejani, Riaz","London : Routledge, Taylor & Francis Group, 2023"
Risk analytics,"Rodríguez Taborda, Eduardo","Boca Raton, Fla. [etc.] : CRC Press, Taylor & Francis Group, 2023"
Debesimis atplaukia prisiminimai,"Kalinauskienė, Danutė","Marijampolė : D. Kalinauskienė, 2023"
Lemtingos Kalėdos,"Walsh, Catherine","Vilnius : Sofoklis, 2023"
One Hungry Dragon,"Chisholm, Alastair","Britain : HODDER CHILDREN'S BOOKS, 2023"
Katalikybės vaidmuo kasdieniame mąstyme apie Europos Sąjungą: Lietuvos atvejis,"Garškaitė-Antonowicz, Rosita","Vilnius : Vilniaus universiteto leidykla, 2023"
Additive manufacturing of inorganic 3D nanostructures by combining laser lithography and pyrolysis,"Merkininkaitė, Greta","Vilnius : Vilnius University Press, 2023"
Traukiniu į dangų,"Margelis, Gintaras","Kazlų Rūda [i.e. Kaunas] : Spaustuvė „Spalvų kraitė“, 2023"
Rhinos Don't Cry,"Grist, Mark","London : BLOOMSBURY CHILDREN'S BOOKS, 2023"
Stories of Tails and Whiskers,"Blyton, Enid (1896–1968)","London : Hodder, 2023"
Verslo organizacijų interneto svetainių lankytojų srauto modeliavimas įtraukiosios rinkodaros kontekste,"Davidavičius, Sigitas","Vilnius : Mykolo Romerio universitetas, 2023"
Virsti vilku,"Ekman, Kerstin","[Vilnius] : [„Baltų lankų“ leidyba], [2023]"
Angelai velnio sparnais,"Peleckis-Kaktavičius, Leonas","Šiauliai : Saulės Titnagas, [2023]"
Dingusių mandarinų byla,"Dirgėla, Tomas","Vilnius : Tyto alba, 2023"
Accuracy of dental implant navigation techniques and biocompatibility of materials used for immediate prostheses,"Borusevičius, Rokas","Vilnius : Vilniaus universiteto leidykla, 2023"
Šampanės vynuogynai,"Blackwell, Juliet","Vilnius : Sofoklis, 2023"
Našlaitė iš Varšuvos,"Rimmer, Kelly","Vilnius : Sofoklis, 2023"
Ką Dvasia kalba Bažnyčiai,"Lassus, Alain-Marie de","Vilnius : Magnificat leidiniai, [2023]"
Tūkstantis saulių skaisčių,"Hosseini, Khaled","Vilnius : Alma littera, 2023"
Neįtikėtinos Baskervilių dvaro istorijos,"Standish, Ali","Vilnius : Alma littera, 2023"
Revolting rhymes,"Dahl, Roald (1916–1990)","[London] : Penguin Random House, [2023]"
Dykumų aušra,"Dirie, Waris","Vilnius : Alma littera, 2023"
Individualią veiklą vykdančių mokesčių mokėtojų mokestinės elgsenos vertinimas,"Jakubauskaitė, Agnė","Vilnius : Vilniaus universiteto leidykla, 2023"
Managing people in the hybrid workplace,"Maddox-Daines, Kay","London : Routledge, Taylor & Francis Group, 2023"
Creating the reflective habit,"Lucas, Michelle","London : Routledge, Taylor & Francis Group, 2023"
Medieval philosophy,"Arlig, Andrew W.","London : Routledge, Taylor & Francis Group, 2023"
"Kasdienis gyvenimas vokiečių okupuotoje Lietuvoje 1941–1944 m.: buitis, mityba, sveikata","Šikšnianas, Mantas","Vilnius : Lietuvos istorijos institutas, 2023"
Social media theory and communications practice,"Lehmann, Whitney S.","New York, N.Y. : Routledge, Taylor & Francis Group, 2023"
Henry Fielding,"Battestin, Martin C. (1930–2015)","London : Routledge, Taylor & Francis Group, 2023"
Creating digital exhibits for cultural institutions,"Marsh, Emily E.","London : Routledge, Taylor & Francis Group, 2023"
Strategic negotiation: building organizational excellence,"Gordon, Joshua A.","New York, N.Y. : Routledge, Taylor & Francis Group, 2023"
Chirurgė,"Wolfe, Leslie","Vilnius : Sofoklis, 2023"
Virsti vilku,"Ekman, Kerstin","Vilnius : „Baltų lankų“ leidyba, [2023]"
"Elektrinio, hibridinio ir įprastų keleivinių automobilių vertinimas taikant būvio ciklo požiūrį","Petrauskienė, Kamilė","Kaunas : Kauno technologijos universitetas, 2023"
Matematikos testai 2 klasei,"Bortkevičius, Audronis","Panevėžys : Magilė, 2023"
Emocinio intelekto plėtojimas praktikuojant dėmesingą įsisąmoninimą,"Naudužienė, Gitana","Vilnius : Mykolo Romerio universitetas, 2023"
Der nasse Fisch,"Kutscher, Volker","München : Piper, [2023]"
Association between suicidality and masculinity,"Grigienė, Dovilė","Vilnius : Vilnius University Press, 2023"
Gyventojų elgsena ir jos poveikis šiltnamio efektą sukeliančių dujų emisijoms Lietuvoje ES kontekste,"Jakučionytė-Skodienė, Miglė","Kaunas : [Vytauto Didžiojo universitetas], 2023"
Protecting what's  mine,"Score, Lucy","[London] : Hodder & Stougghton Ltd, [2023]"
Ex libris Elvyra Pažemeckaitė,"Mazūras, Henrikas","Panevėžys, 2023"
Ex libris Pal. T. Matulionis – 150. Pal. T. Matulionis (1873–1962) – kankinys dėl tikėjimo,"Mazūras, Henrikas","Panevėžys, 2023"
Ex libris TIM 75. Muziejus – atminties sergėtojas,"Mazūras, Henrikas","Panevėžys, 2023"
The Boys from Biloxi,"Grisham, John","London : Hodder, 2023"
Užutrakio dvaro vaismedžių sodas – gyvoji istorija,"Gelvonauskienė, Dalia","Vilnius : [Kriventa], 2023"
The worst best man,"Score, Lucy","[London] : Hodder & Stougghton Ltd, [2023]"
Sakralioji Žygaičių kapinių erdvė,"Bliūdžiuvienė, Regina","Kaišiadorys : Printėja, 2023"
